asset,horizon,side,split,leaf,rule,signals,mean_R,win_rate,sensitivity,specificity,youden_J
intraday,1bar,LONG,TRAIN,2,minute_from_open <= 317.5 AND minute_from_open <= 7.5,152,0.00632348085784352,0.5789473684210527,0.17922606924643583,0.8663883089770354,0.04561437822347125
intraday,1bar,LONG,TRAIN,5,minute_from_open <= 317.5 AND minute_from_open > 7.5 AND cpr_width_atr > 0.13,364,-0.0001293092323380742,0.510989010989011,0.3788187372708758,0.6283924843423799,0.007211221613255603
intraday,1bar,LONG,TRAIN,6,minute_from_open > 317.5,130,0.00967109541200511,0.6076923076923076,0.16089613034623218,0.8935281837160751,0.0544243140623073
intraday,1bar,LONG,VALIDATION,2,minute_from_open <= 317.5 AND minute_from_open <= 7.5,119,0.010731680262053638,0.5378151260504201,0.1641025641025641,0.8618090452261307,0.02591160932869485
intraday,1bar,LONG,VALIDATION,5,minute_from_open <= 317.5 AND minute_from_open > 7.5 AND cpr_width_atr > 0.13,312,-0.0014587659314007574,0.48717948717948717,0.38974358974358975,0.5979899497487438,-0.012266460507666554
intraday,1bar,LONG,VALIDATION,6,minute_from_open > 317.5,84,0.015656573823553552,0.5119047619047619,0.11025641025641025,0.8969849246231156,0.00724133487952594
intraday,1bar,LONG,TEST,2,minute_from_open <= 317.5 AND minute_from_open <= 7.5,95,0.004130302357933722,0.5684210526315789,0.20532319391634982,0.8452830188679246,0.05060621278427435
intraday,1bar,LONG,TEST,5,minute_from_open <= 317.5 AND minute_from_open > 7.5 AND cpr_width_atr > 0.13,215,-0.010941079758750442,0.46511627906976744,0.38022813688212925,0.5660377358490566,-0.0537341272688141
intraday,1bar,LONG,TEST,6,minute_from_open > 317.5,66,0.002348604210072855,0.48484848484848486,0.12167300380228137,0.8716981132075472,-0.006628882990171392
intraday,1bar,SHORT,TRAIN,3,minute_from_open <= 252.5 AND intraday_range_atr <= 0.5609 AND close_vs_pdl_atr <= -0.06507,110,-0.000753074543460616,0.5545454545454546,0.14805825242718446,0.8946236559139785,0.04268190834116292
intraday,1bar,SHORT,TRAIN,10,minute_from_open > 252.5 AND cpr_width_atr > 0.1048,165,0.019560553307674464,0.6121212121212121,0.24514563106796117,0.8623655913978494,0.10751122246581057
intraday,1bar,SHORT,VALIDATION,3,minute_from_open <= 252.5 AND intraday_range_atr <= 0.5609 AND close_vs_pdl_atr <= -0.06507,95,-0.009701498266879782,0.4421052631578947,0.13592233009708737,0.8354037267080745,-0.02867394319483818
intraday,1bar,SHORT,VALIDATION,10,minute_from_open > 252.5 AND cpr_width_atr > 0.1048,114,0.008237749328210678,0.49122807017543857,0.18122977346278318,0.8198757763975155,0.0011055498602987601
intraday,1bar,SHORT,TEST,3,minute_from_open <= 252.5 AND intraday_range_atr <= 0.5609 AND close_vs_pdl_atr <= -0.06507,82,-0.0059576425404693,0.45121951219512196,0.15948275862068967,0.8235294117647058,-0.016987829614604433
intraday,1bar,SHORT,TEST,10,minute_from_open > 252.5 AND cpr_width_atr > 0.1048,90,-0.0013868062821413285,0.4777777777777778,0.1853448275862069,0.8156862745098039,0.0010311020960107609
intraday,3bar,LONG,TRAIN,7,intraday_move_atr <= 0.1698 AND minute_from_open > 132.5 AND gap_atr > 0.2846,153,0.009791787173255363,0.6013071895424836,0.18363273453093812,0.8653421633554084,0.04897489788634646
intraday,3bar,LONG,TRAIN,10,intraday_move_atr > 0.1698 AND close_vs_pdl_atr > 0.8619,192,0.029105628787648302,0.65625,0.25149700598802394,0.8543046357615894,0.10580164174961348
intraday,3bar,LONG,VALIDATION,7,intraday_move_atr <= 0.1698 AND minute_from_open > 132.5 AND gap_atr > 0.2846,107,-0.006924497435240304,0.42990654205607476,0.11825192802056556,0.8435897435897436,-0.03815832838969091
intraday,3bar,LONG,VALIDATION,10,intraday_move_atr > 0.1698 AND close_vs_pdl_atr > 0.8619,108,0.014285612715768302,0.5185185185185185,0.14395886889460155,0.8666666666666667,0.010625535561268329
intraday,3bar,LONG,TEST,7,intraday_move_atr <= 0.1698 AND minute_from_open > 132.5 AND gap_atr > 0.2846,73,0.004613144740857756,0.5342465753424658,0.14942528735632185,0.8650793650793651,0.014504652435686882
intraday,3bar,LONG,TEST,10,intraday_move_atr > 0.1698 AND close_vs_pdl_atr > 0.8619,73,0.017853084378125557,0.5616438356164384,0.15708812260536398,0.873015873015873,0.030103995621237
intraday,3bar,SHORT,TRAIN,2,atr_pct <= 0.009073 AND intraday_range_atr <= 0.5782,100,0.04155610955615264,0.67,0.1554524361948956,0.9236111111111112,0.07906354730600684
intraday,3bar,SHORT,TRAIN,3,atr_pct <= 0.009073 AND intraday_range_atr > 0.5782,169,-0.006769942767688006,0.5207100591715976,0.20417633410672853,0.8125,0.01667633410672842
intraday,3bar,SHORT,TRAIN,8,atr_pct > 0.009073 AND atr_pct > 0.01078 AND atr_pct > 0.01218,338,0.00315371713720477,0.45857988165680474,0.35962877030162416,0.5763888888888888,-0.06398234080948706
intraday,3bar,SHORT,VALIDATION,2,atr_pct <= 0.009073 AND intraday_range_atr <= 0.5782,18,-0.020369685457766986,0.3888888888888889,0.02356902356902357,0.9658385093167702,-0.01059246711420625
intraday,3bar,SHORT,VALIDATION,3,atr_pct <= 0.009073 AND intraday_range_atr > 0.5782,20,-0.04953701850382174,0.35,0.02356902356902357,0.9596273291925466,-0.016803647238429864
intraday,3bar,SHORT,VALIDATION,8,atr_pct > 0.009073 AND atr_pct > 0.01078 AND atr_pct > 0.01218,314,-0.0056156977264008225,0.45222929936305734,0.4781144781144781,0.4658385093167702,-0.056047012568751775
intraday,3bar,SHORT,TEST,2,atr_pct <= 0.009073 AND intraday_range_atr <= 0.5782,51,0.016212862642449356,0.6078431372549019,0.13247863247863248,0.9186991869918699,0.05117781947050237
intraday,3bar,SHORT,TEST,3,atr_pct <= 0.009073 AND intraday_range_atr > 0.5782,91,-0.0066283201382964126,0.43956043956043955,0.17094017094017094,0.7926829268292683,-0.03637690223056067
intraday,3bar,SHORT,TEST,8,atr_pct > 0.009073 AND atr_pct > 0.01078 AND atr_pct > 0.01218,170,-0.002902189118584563,0.5117647058823529,0.3717948717948718,0.6626016260162602,0.034396497811131965
intraday,6bar,LONG,TRAIN,3,prior_day_return_atr <= 0.365 AND minute_from_open <= 252.5 AND intraday_range_atr <= 0.3235,145,0.0321745254642608,0.5862068965517241,0.185589519650655,0.8660714285714286,0.05166094822208356
intraday,6bar,LONG,TRAIN,4,prior_day_return_atr <= 0.365 AND minute_from_open <= 252.5 AND intraday_range_atr > 0.3235,286,0.004005061184965423,0.4755244755244755,0.29694323144104806,0.6651785714285714,-0.03787819713038054
intraday,6bar,LONG,TRAIN,5,prior_day_return_atr <= 0.365 AND minute_from_open > 252.5,124,0.013427612850330372,0.6612903225806451,0.17903930131004367,0.90625,0.08528930131004375
intraday,6bar,LONG,VALIDATION,3,prior_day_return_atr <= 0.365 AND minute_from_open <= 252.5 AND intraday_range_atr <= 0.3235,144,-0.0019700185708262843,0.4861111111111111,0.1881720430107527,0.8010752688172043,-0.010752688172043001
intraday,6bar,LONG,VALIDATION,4,prior_day_return_atr <= 0.365 AND minute_from_open <= 252.5 AND intraday_range_atr > 0.3235,187,-0.008592292234646217,0.5133689839572193,0.25806451612903225,0.7553763440860215,0.013440860215053752
intraday,6bar,LONG,VALIDATION,5,prior_day_return_atr <= 0.365 AND minute_from_open > 252.5,92,-0.013927862949430386,0.5217391304347826,0.12903225806451613,0.8817204301075269,0.010752688172043001
intraday,6bar,LONG,TEST,3,prior_day_return_atr <= 0.365 AND minute_from_open <= 252.5 AND intraday_range_atr <= 0.3235,93,0.0020960168700112063,0.5268817204301075,0.19367588932806323,0.808695652173913,0.002371541501976271
intraday,6bar,LONG,TEST,4,prior_day_return_atr <= 0.365 AND minute_from_open <= 252.5 AND intraday_range_atr > 0.3235,127,0.0022766533299154674,0.5275590551181102,0.2648221343873518,0.7391304347826086,0.0039525691699604515
intraday,6bar,LONG,TEST,5,prior_day_return_atr <= 0.365 AND minute_from_open > 252.5,52,-0.013338670677257884,0.5576923076923077,0.11462450592885376,0.9,0.014624505928853893
intraday,6bar,SHORT,TRAIN,3,intraday_move_atr <= 0.005843 AND minute_from_open <= 102.5 AND minute_from_open <= 42.5,177,0.01604710657046062,0.5141242937853108,0.2297979797979798,0.7962085308056872,0.0260065106036671
intraday,6bar,SHORT,TRAIN,6,intraday_move_atr <= 0.005843 AND minute_from_open > 102.5 AND intraday_move_atr <= -0.2382,332,0.0166294644083405,0.5090361445783133,0.42676767676767674,0.6137440758293838,0.040511752597060635
intraday,6bar,SHORT,TRAIN,7,intraday_move_atr <= 0.005843 AND minute_from_open > 102.5 AND intraday_move_atr > -0.2382,107,0.044272985459569286,0.6542056074766355,0.17676767676767677,0.9123222748815166,0.08908995164919342
intraday,6bar,SHORT,VALIDATION,3,intraday_move_atr <= 0.005843 AND minute_from_open <= 102.5 AND minute_from_open <= 42.5,137,-0.0197016087115935,0.48175182481751827,0.24719101123595505,0.7828746177370031,0.03006562897295817
intraday,6bar,SHORT,VALIDATION,6,intraday_move_atr <= 0.005843 AND minute_from_open > 102.5 AND intraday_move_atr <= -0.2382,230,0.028077586085051922,0.49130434782608695,0.4232209737827715,0.6422018348623854,0.06542280864515693
intraday,6bar,SHORT,VALIDATION,7,intraday_move_atr <= 0.005843 AND minute_from_open > 102.5 AND intraday_move_atr > -0.2382,64,-0.007348162560068584,0.421875,0.10112359550561797,0.8868501529051988,-0.012026251589183246
intraday,6bar,SHORT,TEST,3,intraday_move_atr <= 0.005843 AND minute_from_open <= 102.5 AND minute_from_open <= 42.5,105,-0.010813953420087405,0.5142857142857142,0.24545454545454545,0.7723214285714286,0.017775974025973973
intraday,6bar,SHORT,TEST,6,intraday_move_atr <= 0.005843 AND minute_from_open > 102.5 AND intraday_move_atr <= -0.2382,158,-0.017348203504309424,0.43670886075949367,0.31363636363636366,0.6026785714285714,-0.08368506493506489
intraday,6bar,SHORT,TEST,7,intraday_move_atr <= 0.005843 AND minute_from_open > 102.5 AND intraday_move_atr > -0.2382,45,-0.024048789084261626,0.4444444444444444,0.09090909090909091,0.8883928571428571,-0.020698051948051965
intraday,12bar,LONG,TRAIN,12,intraday_move_atr > 0.1639 AND gap_atr > 0.1953,121,0.07774347014734079,0.7107438016528925,0.2042755344418052,0.914004914004914,0.11828044844671926
intraday,12bar,LONG,VALIDATION,12,intraday_move_atr > 0.1639 AND gap_atr > 0.1953,63,0.06204235432018146,0.5396825396825397,0.09577464788732394,0.9159420289855073,0.011716676872831178
intraday,12bar,LONG,TEST,12,intraday_move_atr > 0.1639 AND gap_atr > 0.1953,37,0.031967132608869187,0.6756756756756757,0.1072961373390558,0.9459459459459459,0.053242083285001796
intraday,12bar,SHORT,TRAIN,2,intraday_move_atr <= -0.04023 AND minute_from_open <= 22.5,113,0.024948092703430187,0.6460176991150443,0.1983695652173913,0.8961038961038961,0.09447346132128742
intraday,12bar,SHORT,TRAIN,4,intraday_move_atr <= -0.04023 AND minute_from_open > 22.5 AND minute_from_open <= 257.5,394,-0.018890433772445647,0.4619289340101523,0.4945652173913043,0.44935064935064933,-0.0560841332580464
intraday,12bar,SHORT,VALIDATION,2,intraday_move_atr <= -0.04023 AND minute_from_open <= 22.5,94,-0.002123256715624713,0.5319148936170213,0.19011406844106463,0.8428571428571429,0.03297121129820746
intraday,12bar,SHORT,VALIDATION,4,intraday_move_atr <= -0.04023 AND minute_from_open > 22.5 AND minute_from_open <= 257.5,275,0.0019026062987764418,0.4618181818181818,0.4828897338403042,0.4714285714285714,-0.04568169473112438
intraday,12bar,SHORT,TEST,2,intraday_move_atr <= -0.04023 AND minute_from_open <= 22.5,61,-0.00044539017634477574,0.5901639344262295,0.16363636363636364,0.8697916666666666,0.03342803030303032
intraday,12bar,SHORT,TEST,4,intraday_move_atr <= -0.04023 AND minute_from_open > 22.5 AND minute_from_open <= 257.5,195,-0.011734872255026257,0.5282051282051282,0.4681818181818182,0.5208333333333334,-0.010984848484848486
intraday,EOD,LONG,TRAIN,3,prior_day_return_atr <= 0.5879 AND prior_day_range_atr <= 0.7398 AND close_vs_pdl_atr <= 0.7044,249,0.010975243286424501,0.5783132530120482,0.2987551867219917,0.7848360655737705,0.08359125229576225
intraday,EOD,LONG,TRAIN,6,prior_day_return_atr <= 0.5879 AND prior_day_range_atr > 0.7398 AND atr_pct <= 0.009303,126,0.13302038007776823,0.746031746031746,0.1950207468879668,0.9344262295081968,0.12944697639616365
intraday,EOD,LONG,TRAIN,7,prior_day_return_atr <= 0.5879 AND prior_day_range_atr > 0.7398 AND atr_pct > 0.009303,183,0.03070822204831182,0.5519125683060109,0.2095435684647303,0.8319672131147541,0.0415107815794844
intraday,EOD,LONG,VALIDATION,3,prior_day_return_atr <= 0.5879 AND prior_day_range_atr <= 0.7398 AND close_vs_pdl_atr <= 0.7044,208,-0.029833559999176747,0.5096153846153846,0.2676767676767677,0.7397959183673469,0.0074726860441145515
intraday,EOD,LONG,VALIDATION,6,prior_day_return_atr <= 0.5879 AND prior_day_range_atr > 0.7398 AND atr_pct <= 0.009303,17,-0.11697259458427246,0.29411764705882354,0.012626262626262626,0.9693877551020408,-0.017985982271696566
intraday,EOD,LONG,VALIDATION,7,prior_day_return_atr <= 0.5879 AND prior_day_range_atr > 0.7398 AND atr_pct > 0.009303,236,-0.07636249588320763,0.5169491525423728,0.30808080808080807,0.7091836734693877,0.017264481550195665
intraday,EOD,LONG,TEST,3,prior_day_return_atr <= 0.5879 AND prior_day_range_atr <= 0.7398 AND close_vs_pdl_atr <= 0.7044,125,-0.07962590364537388,0.568,0.24738675958188153,0.7759336099585062,0.023320369540387853
intraday,EOD,LONG,TEST,6,prior_day_return_atr <= 0.5879 AND prior_day_range_atr > 0.7398 AND atr_pct <= 0.009303,79,-0.03797298671142073,0.5949367088607594,0.16376306620209058,0.8672199170124482,0.03098298321453874
intraday,EOD,LONG,TEST,7,prior_day_return_atr <= 0.5879 AND prior_day_range_atr > 0.7398 AND atr_pct > 0.009303,104,-0.06118212982807813,0.5480769230769231,0.1986062717770035,0.8049792531120332,0.0035855248890366287
intraday,EOD,SHORT,TRAIN,4,cpr_width_atr > 0.05243 AND prior_day_return_atr <= 0.2573 AND cpr_width_atr <= 0.1462,181,0.16799916659488762,0.7182320441988951,0.28824833702882485,0.8802816901408451,0.16853002716966992
intraday,EOD,SHORT,TRAIN,5,cpr_width_atr > 0.05243 AND prior_day_return_atr <= 0.2573 AND cpr_width_atr > 0.1462,353,0.007151537059168983,0.5382436260623229,0.4212860310421286,0.6173708920187794,0.038656923060907955
intraday,EOD,SHORT,VALIDATION,4,cpr_width_atr > 0.05243 AND prior_day_return_atr <= 0.2573 AND cpr_width_atr <= 0.1462,132,0.04284592910204858,0.5378787878787878,0.22756410256410256,0.8087774294670846,0.036341532031187285
intraday,EOD,SHORT,VALIDATION,5,cpr_width_atr > 0.05243 AND prior_day_return_atr <= 0.2573 AND cpr_width_atr > 0.1462,254,0.04170514686149051,0.5236220472440944,0.42628205128205127,0.6206896551724138,0.04697170645446502
intraday,EOD,SHORT,TEST,4,cpr_width_atr > 0.05243 AND prior_day_return_atr <= 0.2573 AND cpr_width_atr <= 0.1462,128,0.03433579177908573,0.5390625,0.3108108108108108,0.7773584905660378,0.08816930137684853
intraday,EOD,SHORT,TEST,5,cpr_width_atr > 0.05243 AND prior_day_return_atr <= 0.2573 AND cpr_width_atr > 0.1462,163,-0.08981141217286252,0.4049079754601227,0.2972972972972973,0.6339622641509434,-0.06874043855175938
swing,2session,LONG,TRAIN,1,prior_day_return_atr <= -0.4075,106,0.36231483626446886,0.7641509433962265,0.1588235294117647,0.9456521739130435,0.10447570332480804
swing,2session,LONG,TRAIN,5,prior_day_return_atr > -0.4075 AND prior_day_return_atr > -0.1928 AND prior_day_range_atr <= 0.6009,168,0.24055005054640505,0.6904761904761905,0.22745098039215686,0.8869565217391304,0.11440750213128736
swing,2session,LONG,TRAIN,6,prior_day_return_atr > -0.4075 AND prior_day_return_atr > -0.1928 AND prior_day_range_atr > 0.6009,574,-0.05540628163493324,0.4895470383275261,0.5509803921568628,0.3630434782608696,-0.08597612958226764
swing,2session,LONG,VALIDATION,1,prior_day_return_atr <= -0.4075,88,-0.04408898349121506,0.5227272727272727,0.1050228310502283,0.88,-0.014977168949771746
swing,2session,LONG,VALIDATION,5,prior_day_return_atr > -0.4075 AND prior_day_return_atr > -0.1928 AND prior_day_range_atr <= 0.6009,178,0.007276842614446402,0.5561797752808989,0.22602739726027396,0.7742857142857142,0.00031311154598823165
swing,2session,LONG,VALIDATION,6,prior_day_return_atr > -0.4075 AND prior_day_return_atr > -0.1928 AND prior_day_range_atr > 0.6009,469,0.0905261853354229,0.5522388059701493,0.591324200913242,0.4,-0.008675799086757974
swing,2session,LONG,TEST,1,prior_day_return_atr <= -0.4075,88,-0.2454560221990013,0.5909090909090909,0.1925925925925926,0.8599221789883269,0.05251477158091955
swing,2session,LONG,TEST,5,prior_day_return_atr > -0.4075 AND prior_day_return_atr > -0.1928 AND prior_day_range_atr <= 0.6009,109,0.018308043984539737,0.5321100917431193,0.21481481481481482,0.8015564202334631,0.016371235048277866
swing,2session,LONG,TEST,6,prior_day_return_atr > -0.4075 AND prior_day_return_atr > -0.1928 AND prior_day_range_atr > 0.6009,302,0.01505142673234568,0.5,0.5592592592592592,0.41245136186770426,-0.028289378873036508
swing,2session,SHORT,TRAIN,10,prior_day_return_atr > -0.4211 AND prior_day_range_atr > 0.7193 AND atr_pct > 0.01149,119,0.5157685768202905,0.6974789915966386,0.2144702842377261,0.926530612244898,0.14100089648262415
swing,2session,SHORT,VALIDATION,10,prior_day_return_atr > -0.4211 AND prior_day_range_atr > 0.7193 AND atr_pct > 0.01149,93,0.14776688566814997,0.4946236559139785,0.15436241610738255,0.8588588588588588,0.01322127496624148
swing,2session,SHORT,TEST,10,prior_day_return_atr > -0.4211 AND prior_day_range_atr > 0.7193 AND atr_pct > 0.01149,65,0.16982069376599496,0.6,0.16956521739130434,0.8988326848249028,0.06839790221620712
swing,3session,LONG,TRAIN,1,prior_day_return_atr <= -0.4075,106,0.4540943572554003,0.7547169811320755,0.14925373134328357,0.9400921658986175,0.089345897241901
swing,3session,LONG,TRAIN,4,prior_day_return_atr > -0.4075 AND atr_pct <= 0.01226 AND prior_day_range_atr <= 0.6686,192,0.35996920761581536,0.7447916666666666,0.2667910447761194,0.8870967741935484,0.15388781896966774
swing,3session,LONG,TRAIN,5,prior_day_return_atr > -0.4075 AND atr_pct <= 0.01226 AND prior_day_range_atr > 0.6686,350,-0.07146244210841216,0.5028571428571429,0.3283582089552239,0.5990783410138248,-0.07256345003095133
swing,3session,LONG,VALIDATION,1,prior_day_return_atr <= -0.4075,88,0.0048473813260445945,0.5113636363636364,0.09868421052631579,0.8704819277108434,-0.030833861762840753
swing,3session,LONG,VALIDATION,4,prior_day_return_atr > -0.4075 AND atr_pct <= 0.01226 AND prior_day_range_atr <= 0.6686,120,-0.012376070337226586,0.5583333333333333,0.14692982456140352,0.8403614457831325,-0.01270872965546399
swing,3session,LONG,VALIDATION,5,prior_day_return_atr > -0.4075 AND atr_pct <= 0.01226 AND prior_day_range_atr > 0.6686,197,0.11044194118630023,0.5736040609137056,0.24780701754385964,0.7469879518072289,-0.005205030648911535
swing,3session,LONG,TEST,1,prior_day_return_atr <= -0.4075,88,0.04292148359807741,0.5909090909090909,0.1824561403508772,0.8512396694214877,0.03369580977236497
swing,3session,LONG,TEST,4,prior_day_return_atr > -0.4075 AND atr_pct <= 0.01226 AND prior_day_range_atr <= 0.6686,110,0.054388877275106565,0.5363636363636364,0.20701754385964913,0.7892561983471075,-0.003726257793243426
swing,3session,LONG,TEST,5,prior_day_return_atr > -0.4075 AND atr_pct <= 0.01226 AND prior_day_range_atr > 0.6686,224,-0.033840105415145996,0.47767857142857145,0.37543859649122807,0.5165289256198347,-0.10803247788893722
swing,3session,SHORT,TRAIN,8,atr_pct > 0.01149 AND atr_pct <= 0.01425 AND prior_day_return_atr <= -0.4786,101,0.0007268687550228027,0.48514851485148514,0.12128712871287128,0.8900634249471459,0.011350553660017138
swing,3session,SHORT,TRAIN,9,atr_pct > 0.01149 AND atr_pct <= 0.01425 AND prior_day_return_atr > -0.4786,205,0.4557692300909382,0.6731707317073171,0.3415841584158416,0.8583509513742071,0.1999351097900488
swing,3session,SHORT,VALIDATION,8,atr_pct > 0.01149 AND atr_pct <= 0.01425 AND prior_day_return_atr <= -0.4786,70,-0.16981008371076145,0.4,0.09302325581395349,0.8727272727272727,-0.03424947145877377
swing,3session,SHORT,VALIDATION,9,atr_pct > 0.01149 AND atr_pct <= 0.01425 AND prior_day_return_atr > -0.4786,134,0.0921141962798149,0.5447761194029851,0.2425249169435216,0.8151515151515152,0.0576764320950367
swing,3session,SHORT,TEST,8,atr_pct > 0.01149 AND atr_pct <= 0.01425 AND prior_day_return_atr <= -0.4786,19,0.5871039583767711,0.631578947368421,0.056338028169014086,0.9744525547445255,0.030790582913539533
swing,3session,SHORT,TEST,9,atr_pct > 0.01149 AND atr_pct <= 0.01425 AND prior_day_return_atr > -0.4786,63,-0.04334195079995843,0.3968253968253968,0.11737089201877934,0.8613138686131386,-0.021315239368081995
swing,5session,LONG,TRAIN,3,atr_pct <= 0.009612 AND close_vs_pdh_atr <= 0.06412 AND prior_day_return_atr <= 0.3006,148,1.0009229427085866,0.8378378378378378,0.22545454545454546,0.9428571428571428,0.1683116883116882
swing,5session,LONG,VALIDATION,3,atr_pct <= 0.009612 AND close_vs_pdh_atr <= 0.06412 AND prior_day_return_atr <= 0.3006,50,0.3479149788352905,0.5,0.05707762557077625,0.9285714285714286,-0.014350945857795172
swing,5session,LONG,TEST,3,atr_pct <= 0.009612 AND close_vs_pdh_atr <= 0.06412 AND prior_day_return_atr <= 0.3006,79,0.5001523310059853,0.5443037974683544,0.1575091575091575,0.8554216867469879,0.012930844256145324
swing,5session,SHORT,TRAIN,8,atr_pct > 0.01149 AND atr_pct <= 0.01407 AND cpr_width_atr <= 0.1549,150,0.8120909441159858,0.78,0.2799043062200957,0.9281045751633987,0.20800888138349438
swing,5session,SHORT,VALIDATION,8,atr_pct > 0.01149 AND atr_pct <= 0.01407 AND cpr_width_atr <= 0.1549,102,0.06099609479280638,0.46078431372549017,0.19421487603305784,0.8586118251928021,0.05282670122585986
swing,5session,SHORT,TEST,8,atr_pct > 0.01149 AND atr_pct <= 0.01407 AND cpr_width_atr <= 0.1549,49,-0.03858678639620122,0.3877551020408163,0.0815450643776824,0.8814229249011858,-0.037032010721131825
swing,10session,LONG,TRAIN,5,atr_pct <= 0.009735 AND atr_pct > 0.008589,149,1.3155806551249458,0.825503355704698,0.21847246891651864,0.9361179361179361,0.15459040503445487
swing,10session,LONG,TRAIN,8,atr_pct > 0.009735 AND atr_pct <= 0.0142 AND prior_day_return_atr <= 0.521,311,-0.38065427512775885,0.49517684887459806,0.27353463587921845,0.6142506142506142,-0.11221474987016733
swing,10session,LONG,VALIDATION,5,atr_pct <= 0.009735 AND atr_pct > 0.008589,142,1.0556546052923312,0.6408450704225352,0.19402985074626866,0.8401253918495298,0.034155242595798496
swing,10session,LONG,VALIDATION,8,atr_pct > 0.009735 AND atr_pct <= 0.0142 AND prior_day_return_atr <= 0.521,260,-0.033750515373191965,0.5115384615384615,0.2835820895522388,0.6018808777429467,-0.11453703270481452
swing,10session,LONG,TEST,5,atr_pct <= 0.009735 AND atr_pct > 0.008589,65,0.6040688260112334,0.5846153846153846,0.12179487179487179,0.8714285714285714,-0.0067765567765567525
swing,10session,LONG,TEST,8,atr_pct > 0.009735 AND atr_pct <= 0.0142 AND prior_day_return_atr <= 0.521,128,0.10462448278539792,0.609375,0.25,0.7619047619047619,0.011904761904761862
swing,10session,SHORT,TRAIN,4,atr_pct <= 0.01403 AND atr_pct <= 0.01214 AND intraday_range_atr > 0.4762,376,-0.5006499259610343,0.38563829787234044,0.453125,0.585278276481149,0.03840327648114905
swing,10session,SHORT,TRAIN,7,atr_pct <= 0.01403 AND atr_pct > 0.01214 AND intraday_range_atr > 0.5369,129,0.5926106598384344,0.627906976744186,0.253125,0.9138240574506283,0.16694905745062827
swing,10session,SHORT,VALIDATION,4,atr_pct <= 0.01403 AND atr_pct <= 0.01214 AND intraday_range_atr > 0.4762,217,-0.06215262746640951,0.34101382488479265,0.36633663366336633,0.6666666666666666,0.03300330033003296
swing,10session,SHORT,VALIDATION,7,atr_pct <= 0.01403 AND atr_pct > 0.01214 AND intraday_range_atr > 0.5369,80,-0.7563354060391486,0.3,0.1188118811881188,0.8694638694638694,-0.01172424934801175
swing,10session,SHORT,TEST,4,atr_pct <= 0.01403 AND atr_pct <= 0.01214 AND intraday_range_atr > 0.4762,233,-0.4001340059978488,0.45493562231759654,0.5047619047619047,0.5364963503649635,0.04125825512686809
swing,10session,SHORT,TEST,7,atr_pct <= 0.01403 AND atr_pct > 0.01214 AND intraday_range_atr > 0.5369,38,-0.6460601185771834,0.4473684210526316,0.08095238095238096,0.9233576642335767,0.004310045185957678
